PassengerId,Pclass,Sex,Age,SibSp,Parch,Fare,Cabin,Embarked
892,3,1,34.5,0,0,7.8292,8,2
893,3,0,47.0,1,0,7.0,8,3
894,2,1,62.0,0,0,9.6875,8,2
895,3,1,27.0,0,0,8.6625,8,3
896,3,0,22.0,1,1,12.2875,8,3
897,3,1,14.0,0,0,9.225,8,3
898,3,0,30.0,0,0,7.6292,8,2
899,2,1,26.0,1,1,29.0,8,3
900,3,0,18.0,0,0,7.2292,8,1
901,3,1,21.0,2,0,24.15,8,3
902,3,1,,0,0,7.8958,8,3
903,1,1,46.0,0,0,26.0,8,3
904,1,0,23.0,1,0,82.2667,2,3
905,2,1,63.0,1,0,26.0,8,3
906,1,0,47.0,1,0,61.175,5,3
907,2,0,24.0,1,0,27.7208,8,1
908,2,1,35.0,0,0,12.35,8,2
909,3,1,21.0,0,0,7.225,8,1
910,3,0,27.0,1,0,7.925,8,3
911,3,0,45.0,0,0,7.225,8,1
912,1,1,55.0,1,0,59.4,8,1
913,3,1,9.0,0,1,3.1708,8,3
914,1,0,,0,0,31.6833,8,3
915,1,1,21.0,0,1,61.3792,8,1
916,1,0,48.0,1,3,262.375,2,1
917,3,1,50.0,1,0,14.5,8,3
918,1,0,22.0,0,1,61.9792,2,1
919,3,1,22.5,0,0,7.225,8,1
920,1,1,41.0,0,0,30.5,1,3
921,3,1,,2,0,21.6792,8,1
922,2,1,50.0,1,0,26.0,8,3
923,2,1,24.0,2,0,31.5,8,3
924,3,0,33.0,1,2,20.575,8,3
925,3,0,,1,2,23.45,8,3
926,1,1,30.0,1,0,57.75,3,1
927,3,1,18.5,0,0,7.2292,8,1
928,3,0,,0,0,8.05,8,3
929,3,0,21.0,0,0,8.6625,8,3
930,3,1,25.0,0,0,9.5,8,3
931,3,1,,0,0,56.4958,8,3
932,3,1,39.0,0,1,13.4167,8,1
933,1,1,,0,0,26.55,4,3
934,3,1,41.0,0,0,7.85,8,3
935,2,0,30.0,0,0,13.0,8,3
936,1,0,45.0,1,0,52.5542,4,3
937,3,1,25.0,0,0,7.925,8,3
938,1,1,45.0,0,0,29.7,1,1
939,3,1,,0,0,7.75,8,2
940,1,0,60.0,0,0,76.2917,4,1
941,3,0,36.0,0,2,15.9,8,3
942,1,1,24.0,1,0,60.0,3,3
943,2,1,27.0,0,0,15.0333,8,1
944,2,0,20.0,2,1,23.0,8,3
945,1,0,28.0,3,2,263.0,3,3
946,2,1,,0,0,15.5792,8,1
947,3,1,10.0,4,1,29.125,8,2
948,3,1,35.0,0,0,7.8958,8,3
949,3,1,25.0,0,0,7.65,6,3
950,3,1,,1,0,16.1,8,3
951,1,0,36.0,0,0,262.375,2,1
952,3,1,17.0,0,0,7.8958,8,3
953,2,1,32.0,0,0,13.5,8,3
954,3,1,18.0,0,0,7.75,8,3
955,3,0,22.0,0,0,7.725,8,2
956,1,1,13.0,2,2,262.375,2,1
957,2,0,,0,0,21.0,8,3
958,3,0,18.0,0,0,7.8792,8,2
959,1,1,47.0,0,0,42.4,8,3
960,1,1,31.0,0,0,28.5375,3,1
961,1,0,60.0,1,4,263.0,3,3
962,3,0,24.0,0,0,7.75,8,2
963,3,1,21.0,0,0,7.8958,8,3
964,3,0,29.0,0,0,7.925,8,3
965,1,1,28.5,0,0,27.7208,4,1
966,1,0,35.0,0,0,211.5,3,1
967,1,1,32.5,0,0,211.5,3,1
968,3,1,,0,0,8.05,8,3
969,1,0,55.0,2,0,25.7,3,3
970,2,1,30.0,0,0,13.0,8,3
971,3,0,24.0,0,0,7.75,8,2
972,3,1,6.0,1,1,15.2458,8,1
973,1,1,67.0,1,0,221.7792,3,3
974,1,1,49.0,0,0,26.0,8,3
975,3,1,,0,0,7.8958,8,3
976,2,1,,0,0,10.7083,8,2
977,3,1,,1,0,14.4542,8,1
978,3,0,27.0,0,0,7.8792,8,2
979,3,0,18.0,0,0,8.05,8,3
980,3,0,,0,0,7.75,8,2
981,2,1,2.0,1,1,23.0,8,3
982,3,0,22.0,1,0,13.9,8,3
983,3,1,,0,0,7.775,8,3
984,1,0,27.0,1,2,52.0,2,3
985,3,1,,0,0,8.05,8,3
986,1,1,25.0,0,0,26.0,8,1
987,3,1,25.0,0,0,7.7958,8,3
988,1,0,76.0,1,0,78.85,3,3
989,3,1,29.0,0,0,7.925,8,3
990,3,0,20.0,0,0,7.8542,8,3
991,3,1,33.0,0,0,8.05,8,3
992,1,0,43.0,1,0,55.4417,3,1
993,2,1,27.0,1,0,26.0,8,3
994,3,1,,0,0,7.75,8,2
995,3,1,26.0,0,0,7.775,8,3
996,3,0,16.0,1,1,8.5167,8,1
997,3,1,28.0,0,0,22.525,8,3
998,3,1,21.0,0,0,7.8208,8,2
999,3,1,,0,0,7.75,8,2
1000,3,1,,0,0,8.7125,8,3
1001,2,1,18.5,0,0,13.0,6,3
1002,2,1,41.0,0,0,15.0458,8,1
1003,3,0,,0,0,7.7792,8,2
1004,1,0,36.0,0,0,31.6792,1,1
1005,3,0,18.5,0,0,7.2833,8,2
1006,1,0,63.0,1,0,221.7792,3,3
1007,3,1,18.0,1,0,14.4542,8,1
1008,3,1,,0,0,6.4375,8,1
1009,3,0,1.0,1,1,16.7,7,3
1010,1,1,36.0,0,0,75.2417,3,1
1011,2,0,29.0,1,0,26.0,8,3
1012,2,0,12.0,0,0,15.75,8,3
1013,3,1,,1,0,7.75,8,2
1014,1,0,35.0,1,0,57.75,3,1
1015,3,1,28.0,0,0,7.25,8,3
1016,3,1,,0,0,7.75,8,2
1017,3,0,17.0,0,1,16.1,8,3
1018,3,1,22.0,0,0,7.7958,8,3
1019,3,0,,2,0,23.25,8,2
1020,2,1,42.0,0,0,13.0,8,3
1021,3,1,24.0,0,0,8.05,8,3
1022,3,1,32.0,0,0,8.05,8,3
1023,1,1,53.0,0,0,28.5,3,1
1024,3,0,,0,4,25.4667,8,3
1025,3,1,,1,0,6.4375,8,1
1026,3,1,43.0,0,0,7.8958,8,3
1027,3,1,24.0,0,0,7.8542,8,3
1028,3,1,26.5,0,0,7.225,8,1
1029,2,1,26.0,0,0,13.0,8,3
1030,3,0,23.0,0,0,8.05,8,3
1031,3,1,40.0,1,6,46.9,8,3
1032,3,0,10.0,5,2,46.9,8,3
1033,1,0,33.0,0,0,151.55,8,3
1034,1,1,61.0,1,3,262.375,2,1
1035,2,1,28.0,0,0,26.0,8,3
1036,1,1,42.0,0,0,26.55,8,3
1037,3,1,31.0,3,0,18.0,8,3
1038,1,1,,0,0,51.8625,5,3
1039,3,1,22.0,0,0,8.05,8,3
1040,1,1,,0,0,26.55,8,3
1041,2,1,30.0,1,1,26.0,8,3
1042,1,0,23.0,0,1,83.1583,3,1
1043,3,1,,0,0,7.8958,8,1
1044,3,1,60.5,0,0,,8,3
1045,3,0,36.0,0,2,12.1833,8,3
1046,3,1,13.0,4,2,31.3875,8,3
1047,3,1,24.0,0,0,7.55,8,3
1048,1,0,29.0,0,0,221.7792,3,3
1049,3,0,23.0,0,0,7.8542,8,3
1050,1,1,42.0,0,0,26.55,4,3
1051,3,0,26.0,0,2,13.775,8,3
1052,3,0,,0,0,7.7333,8,2
1053,3,1,7.0,1,1,15.2458,8,1
1054,2,0,26.0,0,0,13.5,8,3
1055,3,1,,0,0,7.0,8,3
1056,2,1,41.0,0,0,13.0,8,3
1057,3,0,26.0,1,1,22.025,8,3
1058,1,1,48.0,0,0,50.4958,2,1
1059,3,1,18.0,2,2,34.375,8,3
1060,1,0,,0,0,27.7208,8,1
1061,3,0,22.0,0,0,8.9625,8,3
1062,3,1,,0,0,7.55,8,3
1063,3,1,27.0,0,0,7.225,8,1
1064,3,1,23.0,1,0,13.9,8,3
1065,3,1,,0,0,7.2292,8,1
1066,3,1,40.0,1,5,31.3875,8,3
1067,2,0,15.0,0,2,39.0,8,3
1068,2,0,20.0,0,0,36.75,8,3
1069,1,1,54.0,1,0,55.4417,3,1
1070,2,0,36.0,0,3,39.0,6,3
1071,1,0,64.0,0,2,83.1583,5,1
1072,2,1,30.0,0,0,13.0,8,3
1073,1,1,37.0,1,1,83.1583,5,1
1074,1,0,18.0,1,0,53.1,4,3
1075,3,1,,0,0,7.75,8,2
1076,1,0,27.0,1,1,247.5208,2,1
1077,2,1,40.0,0,0,16.0,8,3
1078,2,0,21.0,0,1,21.0,8,3
1079,3,1,17.0,2,0,8.05,8,3
1080,3,0,,8,2,69.55,8,3
1081,2,1,40.0,0,0,13.0,8,3
1082,2,1,34.0,1,0,26.0,8,3
1083,1,1,,0,0,26.0,8,3
1084,3,1,11.5,1,1,14.5,8,3
1085,2,1,61.0,0,0,12.35,8,2
1086,2,1,8.0,0,2,32.5,8,3
1087,3,1,33.0,0,0,7.8542,8,3
1088,1,1,6.0,0,2,134.5,5,1
1089,3,0,18.0,0,0,7.775,8,3
1090,2,1,23.0,0,0,10.5,8,3
1091,3,0,,0,0,8.1125,8,3
1092,3,0,,0,0,15.5,8,2
1093,3,1,0.33,0,2,14.4,8,3
1094,1,1,47.0,1,0,227.525,3,1
1095,2,0,8.0,1,1,26.0,8,3
1096,2,1,25.0,0,0,10.5,8,3
1097,1,1,,0,0,25.7417,8,1
1098,3,0,35.0,0,0,7.75,8,2
1099,2,1,24.0,0,0,10.5,8,3
1100,1,0,33.0,0,0,27.7208,1,1
1101,3,1,25.0,0,0,7.8958,8,3
1102,3,1,32.0,0,0,22.525,8,3
1103,3,1,,0,0,7.05,8,3
1104,2,1,17.0,0,0,73.5,8,3
1105,2,0,60.0,1,0,26.0,8,3
1106,3,0,38.0,4,2,7.775,8,3
1107,1,1,42.0,0,0,42.5,2,3
1108,3,0,,0,0,7.8792,8,2
1109,1,1,57.0,1,1,164.8667,8,3
1110,1,0,50.0,1,1,211.5,3,1
1111,3,1,,0,0,8.05,8,3
1112,2,0,30.0,1,0,13.8583,8,1
1113,3,1,21.0,0,0,8.05,8,3
1114,2,0,22.0,0,0,10.5,6,3
1115,3,1,21.0,0,0,7.7958,8,3
1116,1,0,53.0,0,0,27.4458,8,1
1117,3,0,,0,2,15.2458,8,1
1118,3,1,23.0,0,0,7.7958,8,3
1119,3,0,,0,0,7.75,8,2
1120,3,1,40.5,0,0,15.1,8,3
1121,2,1,36.0,0,0,13.0,8,3
1122,2,1,14.0,0,0,65.0,8,3
1123,1,0,21.0,0,0,26.55,8,3
1124,3,1,21.0,1,0,6.4958,8,3
1125,3,1,,0,0,7.8792,8,2
1126,1,1,39.0,1,0,71.2833,3,1
1127,3,1,20.0,0,0,7.8542,8,3
1128,1,1,64.0,1,0,75.25,4,1
1129,3,1,20.0,0,0,7.225,8,1
1130,2,0,18.0,1,1,13.0,8,3
1131,1,0,48.0,1,0,106.425,3,1
1132,1,0,55.0,0,0,27.7208,8,1
1133,2,0,45.0,0,2,30.0,8,3
1134,1,1,45.0,1,1,134.5,5,1
1135,3,1,,0,0,7.8875,8,3
1136,3,1,,1,2,23.45,8,3
1137,1,1,41.0,1,0,51.8625,4,3
1138,2,0,22.0,0,0,21.0,8,3
1139,2,1,42.0,1,1,32.5,8,3
1140,2,0,29.0,1,0,26.0,8,3
1141,3,0,,1,0,14.4542,8,1
1142,2,0,0.92,1,2,27.75,8,3
1143,3,1,20.0,0,0,7.925,8,3
1144,1,1,27.0,1,0,136.7792,3,1
1145,3,1,24.0,0,0,9.325,8,3
1146,3,1,32.5,0,0,9.5,8,3
1147,3,1,,0,0,7.55,8,3
1148,3,1,,0,0,7.75,8,2
1149,3,1,28.0,0,0,8.05,8,3
1150,2,0,19.0,0,0,13.0,8,3
1151,3,1,21.0,0,0,7.775,8,3
1152,3,1,36.5,1,0,17.4,8,3
1153,3,1,21.0,0,0,7.8542,8,3
1154,2,0,29.0,0,2,23.0,8,3
1155,3,0,1.0,1,1,12.1833,8,3
1156,2,1,30.0,0,0,12.7375,8,1
1157,3,1,,0,0,7.8958,8,3
1158,1,1,,0,0,0.0,8,3
1159,3,1,,0,0,7.55,8,3
1160,3,0,,0,0,8.05,8,3
1161,3,1,17.0,0,0,8.6625,8,3
1162,1,1,46.0,0,0,75.2417,3,1
1163,3,1,,0,0,7.75,8,2
1164,1,0,26.0,1,0,136.7792,3,1
1165,3,0,,1,0,15.5,8,2
1166,3,1,,0,0,7.225,8,1
1167,2,0,20.0,1,0,26.0,8,3
1168,2,1,28.0,0,0,10.5,8,3
1169,2,1,40.0,1,0,26.0,8,3
1170,2,1,30.0,1,0,21.0,8,3
1171,2,1,22.0,0,0,10.5,8,3
1172,3,0,23.0,0,0,8.6625,8,3
1173,3,1,0.75,1,1,13.775,8,3
1174,3,0,,0,0,7.75,8,2
1175,3,0,9.0,1,1,15.2458,8,1
1176,3,0,2.0,1,1,20.2125,8,3
1177,3,1,36.0,0,0,7.25,8,3
1178,3,1,,0,0,7.25,8,3
1179,1,1,24.0,1,0,82.2667,2,3
1180,3,1,,0,0,7.2292,6,1
1181,3,1,,0,0,8.05,8,3
1182,1,1,,0,0,39.6,8,3
1183,3,0,30.0,0,0,6.95,8,2
1184,3,1,,0,0,7.2292,8,1
1185,1,1,53.0,1,1,81.8583,1,3
1186,3,1,36.0,0,0,9.5,8,3
1187,3,1,26.0,0,0,7.8958,8,3
1188,2,0,1.0,1,2,41.5792,8,1
1189,3,1,,2,0,21.6792,8,1
1190,1,1,30.0,0,0,45.5,8,3
1191,3,1,29.0,0,0,7.8542,8,3
1192,3,1,32.0,0,0,7.775,8,3
1193,2,1,,0,0,15.0458,4,1
1194,2,1,43.0,0,1,21.0,8,3
1195,3,1,24.0,0,0,8.6625,8,3
1196,3,0,,0,0,7.75,8,2
1197,1,0,64.0,1,1,26.55,2,3
1198,1,1,30.0,1,2,151.55,3,3
1199,3,1,0.83,0,1,9.35,8,3
1200,1,1,55.0,1,1,93.5,2,3
1201,3,0,45.0,1,0,14.1083,8,3
1202,3,1,18.0,0,0,8.6625,8,3
1203,3,1,22.0,0,0,7.225,8,1
1204,3,1,,0,0,7.575,8,3
1205,3,0,37.0,0,0,7.75,8,2
1206,1,0,55.0,0,0,135.6333,3,1
1207,3,0,17.0,0,0,7.7333,8,2
1208,1,1,57.0,1,0,146.5208,2,1
1209,2,1,19.0,0,0,10.5,8,3
1210,3,1,27.0,0,0,7.8542,8,3
1211,2,1,22.0,2,0,31.5,8,3
1212,3,1,26.0,0,0,7.775,8,3
1213,3,1,25.0,0,0,7.2292,6,1
1214,2,1,26.0,0,0,13.0,6,3
1215,1,1,33.0,0,0,26.55,8,3
1216,1,0,39.0,0,0,211.3375,8,3
1217,3,1,23.0,0,0,7.05,8,3
1218,2,0,12.0,2,1,39.0,6,3
1219,1,1,46.0,0,0,79.2,8,1
1220,2,1,29.0,1,0,26.0,8,3
1221,2,1,21.0,0,0,13.0,8,3
1222,2,0,48.0,0,2,36.75,8,3
1223,1,1,39.0,0,0,29.7,1,1
1224,3,1,,0,0,7.225,8,1
1225,3,0,19.0,1,1,15.7417,8,1
1226,3,1,27.0,0,0,7.8958,8,3
1227,1,1,30.0,0,0,26.0,3,3
1228,2,1,32.0,0,0,13.0,8,3
1229,3,1,39.0,0,2,7.2292,8,1
1230,2,1,25.0,0,0,31.5,8,3
1231,3,1,,0,0,7.2292,8,1
1232,2,1,18.0,0,0,10.5,8,3
1233,3,1,32.0,0,0,7.5792,8,3
1234,3,1,,1,9,69.55,8,3
1235,1,0,58.0,0,1,512.3292,2,1
1236,3,1,,1,1,14.5,8,3
1237,3,0,16.0,0,0,7.65,8,3
1238,2,1,26.0,0,0,13.0,8,3
1239,3,0,38.0,0,0,7.2292,8,1
1240,2,1,24.0,0,0,13.5,8,3
1241,2,0,31.0,0,0,21.0,8,3
1242,1,0,45.0,0,1,63.3583,4,1
1243,2,1,25.0,0,0,10.5,8,3
1244,2,1,18.0,0,0,73.5,8,3
1245,2,1,49.0,1,2,65.0,8,3
1246,3,0,0.17,1,2,20.575,8,3
1247,1,1,50.0,0,0,26.0,5,3
1248,1,0,59.0,2,0,51.4792,3,3
1249,3,1,,0,0,7.8792,8,3
1250,3,1,,0,0,7.75,8,2
1251,3,0,30.0,1,0,15.55,8,3
1252,3,1,14.5,8,2,69.55,8,3
1253,2,0,24.0,1,1,37.0042,8,1
1254,2,0,31.0,0,0,21.0,8,3
1255,3,1,27.0,0,0,8.6625,8,3
1256,1,0,25.0,1,0,55.4417,5,1
1257,3,0,,1,9,69.55,8,3
1258,3,1,,1,0,14.4583,8,1
1259,3,0,22.0,0,0,39.6875,8,3
1260,1,0,45.0,0,1,59.4,8,1
1261,2,1,29.0,0,0,13.8583,8,1
1262,2,1,21.0,1,0,11.5,8,3
1263,1,0,31.0,0,0,134.5,5,1
1264,1,1,49.0,0,0,0.0,2,3
1265,2,1,44.0,0,0,13.0,8,3
1266,1,0,54.0,1,1,81.8583,1,3
1267,1,0,45.0,0,0,262.375,8,1
1268,3,0,22.0,2,0,8.6625,8,3
1269,2,1,21.0,0,0,11.5,8,3
1270,1,1,55.0,0,0,50.0,3,3
1271,3,1,5.0,4,2,31.3875,8,3
1272,3,1,,0,0,7.75,8,2
1273,3,1,26.0,0,0,7.8792,8,2
1274,3,0,,0,0,14.5,8,3
1275,3,0,19.0,1,0,16.1,8,3
1276,2,1,,0,0,12.875,8,3
1277,2,0,24.0,1,2,65.0,8,3
1278,3,1,24.0,0,0,7.775,8,3
1279,2,1,57.0,0,0,13.0,8,3
1280,3,1,21.0,0,0,7.75,8,2
1281,3,1,6.0,3,1,21.075,8,3
1282,1,1,23.0,0,0,93.5,2,3
1283,1,0,51.0,0,1,39.4,4,3
1284,3,1,13.0,0,2,20.25,8,3
1285,2,1,47.0,0,0,10.5,8,3
1286,3,1,29.0,3,1,22.025,8,3
1287,1,0,18.0,1,0,60.0,3,3
1288,3,1,24.0,0,0,7.25,8,2
1289,1,0,48.0,1,1,79.2,2,1
1290,3,1,22.0,0,0,7.775,8,3
1291,3,1,31.0,0,0,7.7333,8,2
1292,1,0,30.0,0,0,164.8667,3,3
1293,2,1,38.0,1,0,21.0,8,3
1294,1,0,22.0,0,1,59.4,8,1
1295,1,1,17.0,0,0,47.1,8,3
1296,1,1,43.0,1,0,27.7208,4,1
1297,2,1,20.0,0,0,13.8625,4,1
1298,2,1,23.0,1,0,10.5,8,3
1299,1,1,50.0,1,1,211.5,3,1
1300,3,0,,0,0,7.7208,8,2
1301,3,0,3.0,1,1,13.775,8,3
1302,3,0,,0,0,7.75,8,2
1303,1,0,37.0,1,0,90.0,3,2
1304,3,0,28.0,0,0,7.775,8,3
1305,3,1,,0,0,8.05,8,3
1306,1,0,39.0,0,0,108.9,3,1
1307,3,1,38.5,0,0,7.25,8,3
1308,3,1,,0,0,8.05,8,3
1309,3,1,,1,1,22.3583,8,1
